<SOAP-ENV:Envelope xmlns:SOAP-ENV="http://schemas.xmlsoap.org/soap/envelope/" xmlns:xsd="http://www.w3.org/2001/XMLSchema" xmlns:SOAP-ENC="http://schemas.xmlsoap.org/soap/encoding/" xmlns:xsi="http://www.w3.org/2001/XMLSchema-instance">
	<SOAP-ENV:Body>
		<recepcao.ExecuteResponse xmlns="InvoiCy">
			<Invoicyretorno>
				<Mensagem>
					<MensagemItem>
						<Codigo>0</Codigo>
						<Descricao/>
						<Documentos>
							<DocumentosItem>
								<Documento>
									<Documento>
										<DocModelo>NFS-e</DocModelo>
										<DocNumero>901</DocNumero>
										<DocSerie>S</DocSerie>
										<DocProtocolo />
										<DocPDFBase64 />
										<DocPDFDownload />
										<DocXMLBase64 />
										<DocXMLDownload />
										<DocArquivo />
										<DocExtensaoArquivo />
										<NFSe>
											<NFSeNumero>901</NFSeNumero>
											<NFSeCodVerificacao />
										</NFSe>
										<Situacao>
											<SitCodigo>101</SitCodigo>
											<SitDescricao>Cancelado</SitDescricao>
										</Situacao>
									</Documento>
								</Documento>
							</DocumentosItem>
						</Documentos>
					</MensagemItem>					
				</Mensagem>
			</Invoicyretorno>
		</recepcao.ExecuteResponse>
	</SOAP-ENV:Body>
</SOAP-ENV:Envelope>