<?xml version="1.0" encoding="UTF-8"?>
<ns1:RetornoConsultaLote  xmlns:ns1="http://localhost:8080/WsNFe2/lote" xmlns:tipos="http://localhost:8080/WsNFe2/tp" xmlns:xsi="http://www.w3.org/2001/XMLSchema-instance" xsi:schemaLocation="http://localhost:8080/WsNFe2/lote http://localhost:8080/WsNFe2/xsd/RetornoConsultaLote.xsd">
  <Cabecalho>
    <CodCidade>5403</CodCidade>
    <Sucesso>true</Sucesso>
    <NumeroLote>28515</NumeroLote>
    <CPFCNPJRemetente>08035967000110</CPFCNPJRemetente>
    <RazaoSocialRemetente>EXPLEND SISTEMAS DE COMPUTADORES LTDA</RazaoSocialRemetente>
    <DataEnvioLote>2010-02-25T00:00:00</DataEnvioLote>
    <QtdNotasProcessadas>1</QtdNotasProcessadas>
    <TempoProcessamento>0</TempoProcessamento>
    <ValorTotalServicos>150</ValorTotalServicos>
    <ValorTotalDeducoes>0</ValorTotalDeducoes>
    <Versao>1</Versao>
  </Cabecalho>
  <Alertas />
  <Erros />
  <ListaNFSe>
    <ConsultaNFSe>
      <InscricaoPrestador>17904300</InscricaoPrestador>
      <NumeroNFe>7</NumeroNFe>
      <CodigoVerificacao>e950ec50</CodigoVerificacao>
      <SerieRPS>NF</SerieRPS>
      <NumeroRPS>7</NumeroRPS>
      <DataEmissaoRPS>2010-02-23T00:00:00</DataEmissaoRPS>
      <RazaoSocialPrestador>EXPLEND SISTEMAS DE COMPUTADORES LTDA</RazaoSocialPrestador>
      <TipoRecolhimento>A</TipoRecolhimento>
      <ValorDeduzir>0</ValorDeduzir>
      <ValorTotal>150</ValorTotal>
      <Aliquota>2</Aliquota>
    </ConsultaNFSe>
  </ListaNFSe>
</ns1:RetornoConsultaLote>

