<?xml version="1.0" encoding="UTF-8"?><RetornoEnvioRPS xmlns:xsi="http://www.w3.org/2001/XMLSchema-instance" xmlns:xsd="http://www.w3.org/2001/XMLSchema" xmlns="http://www.prefeitura.sp.gov.br/nfe"><Cabecalho Versao="1" xmlns=""><Sucesso>true</Sucesso></Cabecalho><ChaveNFeRPS xmlns=""><ChaveNFe><InscricaoPrestador>40670945</InscricaoPrestador><NumeroNFe>2205</NumeroNFe><CodigoVerificacao>Q7CKMW79</CodigoVerificacao></ChaveNFe><ChaveRPS><InscricaoPrestador>40670945</InscricaoPrestador><SerieRPS>1</SerieRPS><NumeroRPS>1186</NumeroRPS></ChaveRPS></ChaveNFeRPS></RetornoEnvioRPS>