<?xml version="1.0" encoding="UTF-8"?><RetornoEnvioRPS xmlns:xsi="http://www.w3.org/2001/XMLSchema-instance" xmlns:xsd="http://www.w3.org/2001/XMLSchema" xmlns="http://www.prefeitura.sp.gov.br/nfe"><Cabecalho Versao="1" xmlns=""><Sucesso>true</Sucesso></Cabecalho><ChaveNFeRPS xmlns=""><ChaveNFe><InscricaoPrestador>40670945</InscricaoPrestador><NumeroNFe>2206</NumeroNFe><CodigoVerificacao>2HHQFLF2</CodigoVerificacao></ChaveNFe><ChaveRPS><InscricaoPrestador>40670945</InscricaoPrestador><SerieRPS>1</SerieRPS><NumeroRPS>1187</NumeroRPS></ChaveRPS></ChaveNFeRPS></RetornoEnvioRPS>