<CancelarNfseResposta xmlns:xsi="http://www.w3.org/2001/XMLSchema-instance" xmlns:xsd="http://www.w3.org/2001/XMLSchema" xmlns="http://www.abrasf.org.br/ABRASF/arquivos/nfse.xsd">
	<Cancelamento>
		<Confirmacao>
			<Pedido>
				<InfPedidoCancelamento Id="2994275_21">
					<IdentificacaoNfse>
						<Numero>21</Numero>
						<Cnpj>04642554000143</Cnpj>
						<InscricaoMunicipal>2994275</InscricaoMunicipal>
						<CodigoMunicipio>3304557</CodigoMunicipio>
					</IdentificacaoNfse>
					<CodigoCancelamento>3230</CodigoCancelamento>
				</InfPedidoCancelamento>
			</Pedido>
			<DataHoraCancelamento>2010-07-01T14:06:14</DataHoraCancelamento>
		</Confirmacao>
	</Cancelamento>
</CancelarNfseResposta>